{
  "yellow": {
    "colour": "#DDA032",
    "width": "8",
    "r": "150",
    "dasharray": "76,2,40,180"
  },
  "red": {
    "colour": "#C13F21",
    "width": "2",
    "r": "130",
    "dasharray": "35,7,10,80"
  },
  "blue": {
    "colour": "#659CC8",
    "width": "2",
    "r": "181",
    "dasharray": "2,45,161"
  },
  "red-semi": {
    "colour": "#C13F21",
    "width": "2",
    "r": "130",
    "dasharray": "35,7,10,80"
  },
  "orange": {
    "colour": "#D36E2D",
    "width": "4",
    "r": "141",
    "dasharray": "51,4,10,80"
  },
  "green": {
    "colour": "#78AF9F",
    "width": "4",
    "r": "159",
    "dasharray": "76,4,70"
  },
  "green-semi": {
    "colour": "#78AF9F",
    "width": "4",
    "r": "159",
    "dasharray": "46,2,12"
  },
  "orange-semi": {
    "colour": "#D36E2D",
    "width": "4",
    "r": "141",
    "dasharray": "140,4,10,80"
  },
  "blue-semi": {
    "colour": "#DDA032",
    "width": "8",
    "r": "181",
    "dasharray": "56,2,4"
  }
}